{"cameraMode":{"drawMode":0,"name":"Shaded","section":"Shading Mode"},"sceneLighting":true,"audioPlay":false,"sceneViewState":{"m_AlwaysRefresh":false,"showFog":true,"showSkybox":true,"showFlares":true,"showImageEffects":true,"showParticleSystems":true,"showVisualEffectGraphs":true,"m_FxEnabled":true},"in2DMode":false,"pivot":{"x":2.278031826019287,"y":-1.5214848518371583,"z":0.1777535080909729},"rotation":{"x":-0.006331462413072586,"y":0.9936724305152893,"z":-0.08097375184297562,"w":-0.07767923921346665},"size":3.0619688034057619,"orthographic":false}