{"cameraMode":{"drawMode":0,"name":"Shaded","section":"Shading Mode"},"sceneLighting":true,"audioPlay":false,"sceneViewState":{"m_AlwaysRefresh":false,"showFog":true,"showSkybox":true,"showFlares":true,"showImageEffects":true,"showParticleSystems":true,"showVisualEffectGraphs":true,"m_FxEnabled":true},"in2DMode":false,"pivot":{"x":0.8726041316986084,"y":-0.5061246156692505,"z":0.021359026432037355},"rotation":{"x":-0.0010753116803243757,"y":0.994723379611969,"z":-0.10212653130292893,"w":-0.010460109449923039},"size":5.606926918029785,"orthographic":false}