{"cameraMode":{"drawMode":0,"name":"Shaded","section":"Shading Mode"},"sceneLighting":true,"audioPlay":false,"sceneViewState":{"m_AlwaysRefresh":false,"showFog":true,"showSkybox":true,"showFlares":true,"showImageEffects":true,"showParticleSystems":true,"showVisualEffectGraphs":true,"m_FxEnabled":true},"in2DMode":false,"pivot":{"x":0.14996418356895448,"y":-0.15155029296875,"z":-2.3310329914093019},"rotation":{"x":0.001106388051994145,"y":0.9983915686607361,"z":-0.05277402326464653,"w":0.020954031497240068},"size":4.839001655578613,"orthographic":false}