{"cameraMode":{"drawMode":0,"name":"Shaded","section":"Shading Mode"},"sceneLighting":true,"audioPlay":false,"sceneViewState":{"m_AlwaysRefresh":false,"showFog":true,"showSkybox":true,"showFlares":true,"showImageEffects":true,"showParticleSystems":true,"showVisualEffectGraphs":true,"m_FxEnabled":true},"in2DMode":false,"pivot":{"x":0.18209005892276765,"y":0.1503327488899231,"z":-0.08583205938339234},"rotation":{"x":0.0006403696024790406,"y":0.9988312721252441,"z":-0.013794603757560254,"w":0.046463821083307269},"size":6.618980407714844,"orthographic":false}