{"cameraMode":{"drawMode":0,"name":"Shaded","section":"Shading Mode"},"sceneLighting":false,"audioPlay":false,"sceneViewState":{"m_AlwaysRefresh":false,"showFog":true,"showSkybox":false,"showFlares":true,"showImageEffects":true,"showParticleSystems":true,"showVisualEffectGraphs":true,"m_FxEnabled":true},"in2DMode":false,"pivot":{"x":0.31982481479644778,"y":0.00458405539393425,"z":-0.1398765593767166},"rotation":{"x":0.0002400614757789299,"y":0.9997418522834778,"z":-0.012307390570640564,"w":0.019481627270579339},"size":0.6668014526367188,"orthographic":false}