{"cameraMode":{"drawMode":0,"name":"Shaded","section":"Shading Mode"},"sceneLighting":false,"audioPlay":false,"sceneViewState":{"m_AlwaysRefresh":false,"showFog":true,"showSkybox":false,"showFlares":true,"showImageEffects":true,"showParticleSystems":true,"showVisualEffectGraphs":true,"m_FxEnabled":true},"in2DMode":false,"pivot":{"x":0.13995221257209779,"y":0.4845616817474365,"z":-0.15354299545288087},"rotation":{"x":-0.007443304639309645,"y":0.9890143275260925,"z":-0.13766951858997346,"w":-0.053474463522434238},"size":1.8202235698699952,"orthographic":false}